{
  "name": "EX_TFTLCD_F407ZGT6_Hollies",
  "type": "ARM",
  "dependenceList": [],
  "srcDirs": [
    "MyCode",
    "Core",
    "Drivers"
  ],
  "virtualFolder": {
    "name": "<virtual_root>",
    "files": [],
    "folders": []
  },
  "outDir": "build",
  "deviceName": null,
  "packDir": null,
  "miscInfo": {
    "uid": "7ccbf9453d8663fdec64c54ef9106220"
  },
  "targets": {
    "Debug": {
      "excludeList": [],
      "toolchain": "GCC",
      "compileConfig": {
        "cpuType": "Cortex-M3",
        "floatingPointHardware": "none",
        "scatterFilePath": "",
        "useCustomScatterFile": true,
        "storageLayout": {
          "RAM": [],
          "ROM": []
        },
        "options": "null"
      },
      "uploader": "STLink",
      "uploadConfig": {
        "bin": "",
        "proType": "SWD",
        "resetMode": "default",
        "runAfterProgram": true,
        "speed": 4000,
        "address": "0x08000000",
        "elFile": "None",
        "optionBytes": ".eide/debug.st.option.bytes.ini",
        "otherCmds": ""
      },
      "uploadConfigMap": {
        "JLink": {
          "bin": "",
          "baseAddr": "",
          "cpuInfo": {
            "vendor": "null",
            "cpuName": "null"
          },
          "proType": 1,
          "speed": 8000,
          "otherCmds": ""
        }
      },
      "custom_dep": {
        "name": "default",
        "incList": [
          "Core/Inc",
          "Drivers/STM32F4xx_HAL_Driver/Inc",
          "Drivers/STM32F4xx_HAL_Driver/Inc/Legacy",
          "Drivers/CMSIS/Device/ST/STM32F4xx/Include",
          "Drivers/CMSIS/Include",
          "MyCode/include"
        ],
        "libList": [],
        "sourceDirList": [],
        "defineList": [
          "DEBUG",
          "USE_HAL_DRIVER",
          "STM32F407xx"
        ]
      }
    },
    "Release": {
      "excludeList": [],
      "toolchain": "GCC",
      "compileConfig": {
        "cpuType": "Cortex-M3",
        "floatingPointHardware": "none",
        "scatterFilePath": "",
        "useCustomScatterFile": true,
        "storageLayout": {
          "RAM": [],
          "ROM": []
        },
        "options": "null"
      },
      "uploader": "STLink",
      "uploadConfig": {
        "bin": "",
        "proType": "SWD",
        "resetMode": "default",
        "runAfterProgram": true,
        "speed": 4000,
        "address": "0x08000000",
        "elFile": "None",
        "optionBytes": ".eide/debug.st.option.bytes.ini",
        "otherCmds": ""
      },
      "uploadConfigMap": {
        "JLink": {
          "bin": "",
          "baseAddr": "",
          "cpuInfo": {
            "vendor": "null",
            "cpuName": "null"
          },
          "proType": 1,
          "speed": 8000,
          "otherCmds": ""
        }
      },
      "custom_dep": {
        "name": "default",
        "incList": [
          "Core/Inc",
          "Drivers/STM32F4xx_HAL_Driver/Inc",
          "Drivers/STM32F4xx_HAL_Driver/Inc/Legacy",
          "Drivers/CMSIS/Device/ST/STM32F4xx/Include",
          "Drivers/CMSIS/Include"
        ],
        "defineList": [
          "USE_HAL_DRIVER",
          "STM32F407xx"
        ],
        "sourceDirList": [],
        "libList": []
      }
    }
  },
  "version": "3.3"
}